0,제목
1,통풍에 좋은 음식 삶의 질 높여요
2,왕십리치과 삶의 질을 높이기 위해서
3,복리후생 갈수록 높아지는 삶의 질
4,강남임플란트뼈이식비용 삶의 질을 높여주는
5,집순이담요 덕모상점 입는 담요로 삶의 질 높여요
6,"英 코로나 입원 환자 70%, 1년 뒤에도 “후유증 여전, 삶의 질 떨어져”(2021)"
7,삶의 질 향상템 ‘두잇 더 테이블 자동급식기’ (feat. 내돈내산)
8,대전시 세종시 산부인과 삶의 질을 높이기 위해
9,"깔끔한 디자인, 삶의 질은 높이는 인테리어꿀템 스마트쓰레기통!"
10,"블로그톡, 삶의 질을 올려줍니다."
11,"삶의 질이 달라지는 친환경 음식물처리기 스마트 카라 400 사용방법, 세척, 냄새, 필터... "
12,소음순수술 삶의 질을 높여요
13,소음순수술 삶의 질을 높여요
14,강남두피문신 삶의질이 달라집니다
15,강남두피문신 삶의질이 달라집니다
16,2021 통계로 보는 1인 가구 1인가구 부채 쌓인다 주거비 부담에 삶의 질 바닥대책... 
17,자취 탁상시계 추천 삶의 질 올라가는 꿀템(내돈내산)
18,읽기만 해도 삶의 질이 40배 올라가는 관계명언
19,당하동 정형외과 잠 못이루는 오십견 삶의 질 향상을 위해
20,"교통사고 후유증 한의원 통해 치료, 삶의 질 향상!"
21,삶의 질 수직 상승하는 자취방 정수기 (+타공 없이 사용하는 방법)
22,"화장실 누수, 배관 구조만 바꿔도 삶의 질이 향상"
23,"진주시, 삶의 질 향상 위한 '맑은물 사업' 추진"
24,"[hy인산인터넷신문] 함양군, 도시재생 한마당서 주거복지·삶의 질 향상부문 대상 수상"
25,어깨관절 통증 병원 추천받고 삶의 질 향상!
26,삶의 질 높이는 질 건강을 사수하라 &lt;질건강유산균리스펙타
27,"[다바뉴스] 함양군, 도시재생 한마당서 주거복지·삶의 질 향상부문 대상 수상"
28,창원만성설사 삶의 질 향상
29,"용인피부과추천 삶의 질을 떨어트리는 백반증, 그리고 건선"
30,장항동 웨스턴돔 피부바디관리.삶의 질을 올리는 가장 빠른 방법_[TROIFELL]... 
31,전주신시가지치과 풀아치 임플란트로 삶의 질 향상!
32,삶의질을 높여주는 자취요리
33,천안 불당동 한의원 삶의 질을 떨어뜨리는 원인을 찾아서
34,"삶의 질 높이기, 일일가계부, 2021.12.17~12.18"
35,삶의질 향상템 탐사 차량용 무선충전 핸드폰 거치대
36,비용을 지불해야 삶의 질이 개선이된다.
37,"갈라폴드, 파브리병 치료에 '삶의질'과 '편의성'을 더하다"
38,사무실 커피머신렌탈 보클라빈 들이고 삶의질 상승
39,캐나다가 미국보다 삶의 질이 더 높은 16가지 이유
40,삼성 아가사랑 세탁기 WA30T2101EE 삶의 질이 높아지는 이유
41,삶의 질이 향상되는 아이템 7가지
42,"英 코로나 입원 환자 70%, 1년 뒤에도 “후유증 여전, 삶의 질 떨어져”"
43,2021년 삶의질 향상 아이템
44,속이더부룩할때 삶의 질을 되찾도록!
45,쾌겔운동 행복지수 삶의질 올려볼까요
46,삶의 질을 높여주는 오엘라 HD 카메라 자동 급식기 고양이 4개월 사용 후기. PF02의... 
47,삶의 질을 높이려면
48,"英 코로나 입원 환자 70%, 1년 뒤에도 “후유증 여전, 삶의 질 떨어져”"
49,"英 코로나 입원 환자 70%, 1년 뒤에도 “후유증 여전, 삶의 질 떨어져”(2021)"
50,바닥매트리스 이즈다운토퍼 삶의 질 상승
51,아이패드 키보드 추천 : 라이프썸 슬림 블루투스 키보드  삶의 질 상승!
52,백내장수술잘하는곳 삶의 질까지 향상시켜 주는 곳으로
53,로보락 로봇청소기 고민 끝 삶의 질 수직상승
54,바꿔쓰는 밴드형 베개커버 추천! (삶의질 향상템 ㅎㅎㅎ)
55,유아 안전문 삶의 질이 달라져
56,목디스크배게로 삶의 질 수직상승 해본 후기
57,[삶의 질 우수사례] 늦깎이 학생들을 위한 아주 특별한 학교!
58,"#원픽 첫번째, 자취 삶의 질을 높여준 #꿀템"
59,아이노트 블루투스 키보드 가성비갑! 실사용기 :: 삶의 질 상승함 (아이노트 38BT)
60,"춤, 파킨슨 환자 삶의 질 높인다.. &quot;운동장애·우울증에 효과&quot;"
61,숯가마 온열 어깨찜질기 | 어싱은 삶의 질을 결정한다!
62,게르마늄 죽섬유 이불 퀸 | 어싱은 삶의 질을 결정한다!
63,게르마늄 죽섬유 이불 싱글 | 어싱은 삶의 질을 결정한다!
64,죽섬유 이불 퀸 | 어싱은 삶의 질을 결정한다!
65,어싱온열매트 블랙다이아 더블 | 어싱은 삶의 질을 결정한다!
66,삶의 질 수직상승 시켜준 인생템
67,#원픽 #꿀템 나의 삶의 질을 수직상승 시켜준 아이템들
68,인천라식 맑은 시야 삶의 질이 달라져요
69,미니아 미니건조기 아기옷 &amp; 수건 삶의질 상승 후기
70,위례 최고 다이어트 PT샵 #운동이 지루해?PT9에서 PT받고 삶의질 높이기!
71,코 막히고 콧물 줄줄 대처하여 삶의 질 높여야
72,화곡역한의원 만성변비 치료로 삶의 질을 높여요
73,등촌동하지정맥류 삶의 질을 좌우하는 하지정맥류
74,"[암환자의 삶의 질을 높여주는 암 재활&amp;관리 치료]인천암요양병원, 치유한방병원"
75,평택목디스크 치료 삶의 질을 회복하자
76,도비도스 바디드라이어 삶의질을 높여요
77,"군위군 낙전리, 삶의 질을 높이기 위한 첫걸음  뉴스 | 군위넷"
78,LX 지인_자동환기시스템 &quot;삶의 질을 높여주는 또 하나의 아이템&quot;
79,LX 지인_자동환기시스템 &quot;삶의 질을 높여주는 또 하나의 아이템&quot;
80,느끼는 삶의 질을 다르게 변화를 주는 강동현대홈타운인테리어는  경일인테리어에서
81,삶의 질이 떨어지는 식도암과 식도암 증상 그리고 NK세포면역치료
82,[나만의 원픽] 잠의 질이 곧 삶의 질이므로
83,나만의 원픽 #꿀템 #삶의질향상 #무선충전기 # 보조배터리
84,"혈액투석이 좋아지면 말기 신부전, 삶의 질, 생존율 ↑"
85,수원 인계동 야간진료한의원 삶의 질을 떨어뜨리는 원인을 찾아서
86,부산진구중이염 삶의 질 향상
87,"내 삶의 질을 높일 수 있는 하루 10분 (스트레칭, 명상)"
88,"(삶의 질 높이기) 갤럭시워치4 티머니 기능으로 지하철, 버스 타기!! +설치 방법"
89,가전제품으로 삶의 질 향상
90,삶의 질 저하시키는 백반증
91,삶의 질을 높여주는 아이템#1
92,천안 불당 지웰푸르지오! 청소 관리가 편한 줄눈시공은 삶의 질이 향상 됩니다~
93,"&quot;인천(부천,김포)궁합잘보는곳&quot;궁합을 보면 삶의질이 달라집니다."
94,강남 어깨 치료 병원 추천받고 삶의 질 향상 도움을!
95,삶의 질이 올라가는 접이식 미니벨로 :)
96,삶의 질 향상템! 휴대폰거치대
97,초보 자취러의 삶의 질을 위한 안락한 원룸 체크리스트!
98,관악운전연수 도로연수 받고 높아진 삶의 질!
99,장애인차별금지법 제정 과정을 서술하시고 장애인차별금지법이 장애인의 삶의 질... 
100,아산병원근처암요양병원 삶의 질을 회복하려면
101,간석동유명한점집 삶의질이 달라요
102,"만렙 테블릿 거치대, 핸드폰 거치대로 삶의 질 향상!"
103,삶의 질이 올라간다며 선물받은 위니아 건조기
104,노년층 삶의 질 떨어뜨리는 척추관협착증 어떤 특징이?
105,삶의질 상승템 :: 바디프라임 비강확장기/코골이방지기구 솔직후기
106,"14살 노견 말티즈, 삶의 질을 높여주는 건강관리 (심장병, 기관지협착증)"
107,씽크대 제작하고 높아진 삶의 질
108,무선 소형청소기 삶의 질이 달라져요!
109,위닉스 텀블 세탁기건조기 사용으로 삶의 질 상승~
110,[삶의 질 향상 우수사례] 주민 스스로 개선한 농촌의 취약한 교통 여건
111,포엘리에 이너퍼퓸 삶의 질 높여주는 여자향수 추천
112,정말 효과적인 돈 아끼는 법 (ft. 삶의 질은 최대한 보존하고 돈은 쌓이고)
113,내 삶의 질을 소소하게 높인 APP 5가지 :: 아이폰
114,“가습 묻고 더블로 가!” 겨울철 삶의 질 높여주는 저소음 무선 듀얼 가습기
115,내돈내산 삶의질 향상템 7가지 추천
116,소형가전제품 삶의 질 올라가요
117,대전요실금수술 삶의 질이 높아져요
118,"경기도의회 양철민 의원 “주민 삶의 질 저하시키는 원인모를 악취, 조속히 원인 파악 후... "
119,목동비염한의원 삶의 질을 개선시키기 위한 방법
120,아이폰13 세라믹 보호필름으로 삶의 질을 높이자
121,털빠짐 심한 강아지 고양이 키우기 하면서 찐으로 느낀 삶의 질이 달라지는 가전 TOP 5
122,[젠틀리맨즈헤어] 머리펌하고 삶의 질 올라갔어요 ! #진해미용실
123,시흥질염 여성 삶의 질을 높여요~
124,천호피부과추천 (한방진료) 삶의질을 높이자
125,"박 시장, 섬 주민 삶의 질 향상 행보"
126,드라이기 거치대 줌플러스 ON 삶의 질 향상템!
127,삶의 질이 달라진 광주 수도배관청소 과정
128,[일상] 삶의 질 업그레이드 프로젝트 : 하나
129,서면여성성형 삶의 질을 위해서
130,동탄과민성방광. 삶의 질을 회복해야 합니다
131,한듯 안하듯 #최계최초비오셀생리대 #더뷰티드 로 삶의 질을 올려보세요
132,식도염 한의원 통해서 삶의 질 향상을!
133,분당 다한증치료를 통해 삶의 질을 향상 시키세요
134,홍대 아이폰수리 수리야에서 배터리 교체하고 삶의 질이 올라갔어요 ~! #홍대아이폰수리
135,(당진인테리어)  송악읍 소사동  주택.. 삶의 질 을 높여준 인테리어
136,LG 전자렌탈센터 - LG 정수기 자가관리 상하좌우 렌탈 받고 삶의 질을 더욱 높여 보세요!
137,"삶의 질 상승 필수템, 멜리언스 피지제거기 피지압출기"
138,여성의 삶의 질과 관련된 '자궁근종' (ft. W여성병원 윤석근원장)
139,부평운전연수 도로연수받고 삶의 질이 높아졌어요!
140,메이크페이스 무선고데기 삶의 질 향상템 이제야 만난 내자신 반성해
141,"빵트임/눈성형 수술후기, &quot;삶의 질 상승 모두하세요!”"
142,스마트블라인드 삶의 질 업그레이드
143,봉천역 수면다원검사로 삶의질 더 높이
144,아산 요실금 삶의 질까지 개선해요
145,삶의 질을 높여주는 실리콘 다진마늘 트레이(국내생산!!)
146,모션베드렌탈 삶의 질을 높일 수 있는 침대 추천 킹덤퍼니처 힐링미
147,영통 자동차사고 삶의 질을 떨어뜨리는 원인을 찾아서
148,삶의 질이 올라가는 개꿀 어플!모르면 손해~~
149,"PROBIOTICS, 장내 환경 개선으로 삶의 질 올리기"
150,동탄호수공원 금강펜테리움 센트럴파크 2차! 청소 관리가 편한 줄눈시공으로 삶의 질이... 
151,☘️삶의 질을 올리는 방법+☘️
152,어싱온열매트 블랙다이아 킹 | 어싱은 삶의 질을 결정한다!
153,숯가마 온열 허리찜질기 | 어싱은 삶의 질을 결정한다!
154,숯가마 온열 허리찜질기 | 어싱은 삶의 질을 결정한다!
155,숯가마 온열 건식족욕기 | 어싱은 삶의 질을 결정한다!
156,숯가마 온열 건식족욕기 | 어싱은 삶의 질을 결정한다!
157,숯가마 온열 어깨찜질기 | 어싱은 삶의 질을 결정한다!
158,숯가마 찜질기 3종세트 | 어싱은 삶의 질을 결정한다!
159,숯가마 온열 어깨찜질기 | 어싱은 삶의 질을 결정한다!
160,리페어 레티멈 나이트 크림 50g | 어싱은 삶의 질을 결정한다!
161,웰비스 화장품 10종세트(화장품 전제품 1박스씩) | 어싱은 삶의 질을 결정한다!
162,다이아쥬 엠엔제이( M&amp;J) 30캡슐 X 6개입 | 어싱은 삶의 질을 결정한다!
163,웰비스 프로바이오틱스 60 캡슐 X 2EA | 어싱은 삶의 질을 결정한다!
164,게르마늄 죽섬유 이불 퀸 | 어싱은 삶의 질을 결정한다!
165,웰비스 건강한 밥상 | 어싱은 삶의 질을 결정한다!
166,어싱온열매트 블랙다이아 더블 | 어싱은 삶의 질을 결정한다!
167,[인공췌장] 풍요의 질병인 당뇨병 환자 수 증가로 삶의 질 개선을 위한 인공췌장에 대한... 
168,[교대역치과] 삶의 질을 높이는 코골이치료!
169,율하동 불면증 삶의 질 향상
170,삶의 질을 높여주는 일상도구 일회용먼지털이 이게먼지
171,삶의 질을 향상시키기 위한 전략
172,[삶의 질 향상 우수사례] 주민 스스로 개선한 농촌의 취약한 교통 여건
173,화곡동한의원 난임 삶의 질 향상
174,"[review] 구글 크롬캐스트4 개봉기 및 사용 후기 (삶의질향상템, 스마트티비,집순이)"
175,사막화방지매트 엘리샤펫 집사 삶의 질이 상승해요
176,슬리퍼 매트리스 파운데이션 구매 (삶의 질 + 1)
177,고민 끝에 지른 에어팟프로(Airpods Pro)_삶의 질이 향상된 느낌
178,고민 끝에 지른 에어팟프로(Airpods Pro)_삶의 질이 향상된 느낌
179,화정동 과민대장증후군 삶의 질 향상
180,삶의 질이 올라가는 개꿀 어플 추천
181,범계역 스트레스증상 삶의 질 향상
182,[블루투스테이블] 삶의질이 달라졌다 ‘라르츠블루투스테이블’ 내돈내산후기
183,안방가벽드레스룸 인테리어로 삶의 질 높이기
184,삶의 질 수직하락중 feat. 퇴행성허리디스크
185,유방암2기생존율 삶의 질을 떨어뜨리니
186,5룸/신림역 도보 10분거리 ※새 건물로 자취력과 삶의 질 높이실 분 모십니다.
187,삶의 질을 높이기 위해
188,삶의질 향상을 위한 질유산균 지노마스터
189,담적한약 더부룩하고 불편한 느낌으로 삶의 질이 떨어진다면
190,담적한약 더부룩하고 불편한 느낌으로 삶의 질이 떨어진다면
191,신천동거북목 삶의 질 향상
192,오산 만성피로증상 삶의 질 향상
193,[바디드라이어] 전신건조기로 높아진 삶의 질!
194,부엌 인테리어 삶의 질 높였다
195,음식물분쇄기 삶의 질이 높아졌어요!
196,고양이 집사의 삶의 질을 높여줄 신박템 추천 베스트 10가지 용품
197,강남역도수치료 삶의 질을 회복하려면
198,[고양이 자동급식기] 삶의 질이 바뀌다! VARRAM 밀리
199,[삶의 질 우수사례] 별빛사회적협동조합
200,음식물분쇄기 추천 '싱크렐라'면 삶의 질이 달라지지!
201,우리의삶의질을 바꿔주세요
202,송탄요실금치료를 통해 삶의 질 개선
203,내 삶의 질을 올려준 소비에 대한 생각 (feat. 클립스튜디오로 할로윈 일러스트 그리기!)
204,터치스위치 전등으로 삶의 질 향상시키기 역대급으로 설치가 간단했던 아성비올라
205,분리수거대행 깔꼼으로  삶의 질을 향상시켜보세요.
206,구글크롬캐스트 4세대 후기! (삶의질 향상템✨)
207,"공익적 기능은 무엇인지 본인의 생각, 농촌의 어려움 해소 및 농업인의 삶의 질 향상"
208,삶의 질 향상에 도움되는 분리수거대행 깔꼼
209,재발 암 치료 유명 한방병원 알아보고 삶의 질 향상!
210,리큐엠 아이폰 에어팟 애플워치 3in1 고속 충전기로 삶의 질을 향상시켜요
211,삶의 질 아파트 비교불가
212,"LG 올인원타워 청소기 AO9571WKT,AO9571GKT로 삶의질을 높이세요."
213,광주 이사청소 전문 업체 (삶의 질을 높이는 행복공간)~♡♡
214,보아스 자동 세척 물걸레 청소기로 깨끗하게 청소하고 삶의 질을 높여보아요
215,브라운 체온계. BRAUN 적외선 귀 체온계 IRT-6030 추천. 삶의 질이 달라져요!
216,과민성대장 증후군 한방치료 도움받고 삶의 질 향상!
217,자취생 삶의질 수직상승템 전기냄비 윈코 멀티쿠커 진짜 사용 후기
218,뇌졸중 초기 집중재활치료는 환자의 기능회복과 삶의 질 향상에 효과!
219,토요일 오전 9시 30분 | 가족반 |주말 아침을 체조로 시작하기삶의 질 향상
220,"백내장녹내장, 삶의 질을 떨어트리는 증상"
221,새로운 비즈니스 기회? 삶의 질 높이는 구독서비스 정리
222,삼성 그랑데 건조기  DV17T8520BV 하나로 삶의질 높일 수 있다?
223,대화역치과 삶의 질을 책임지는 치아 건강 관리 지금부터!
224,범계치과 삶의 질을 결정하는 치아건강관리가 중요합니다
225,"[나눔 1도 캠페인, 미혼모 인식 개선과 삶의 질 향상]"
226,닥터스탠드 노트북거치대&amp;독서대추천 삶의 질 업업!
227,연구 성과 발표-뇌졸중 초기 집중재활치료는 환자의 기능회복과 삶의 질 향상에 효과!
228,이사 후 구매한 삶의 질을 높여주는 아이템
229,[삶의 질 향상] 가시안 iot 스마트 스위치 후기 &amp; 설치방법
230,[오버나이트/입는생리대] 삶의 질을 한단계 업그레이드 시키는 방법(!!!)
231,"삶의 질을 향상시키는 임플란트, 서울에스치과에서 치료받으세요"
232,/청주속눈썹펌/ 속눈썹펌 받고 삶의 질이 올라갔어요★ [청주타투]
233,냄새안나는 수건으로 삶의질 수직 향상::더뉴히어로즈 실버라이닝 항균 호텔수건::
234,통증은 삶의 질을 낮춘다
235,성남운전연수 도로연수로 삶의 질이 높아졌어요~
236,천안시-시민의 삶의 질 높은 작지만 강한 도시 만들것
237,학원강사 필수품 구비하면 삶의 질 상승하는 아이템들!
238,합법음식물분쇄기 삶의 질이 달라지실 거예요
239,삶의 질 높여 주는 의자 - 시디즈T25 (feat. 바른 자세 유지)
240,서대문구 암요양병원 삶의 질까지 높이는 곳에서
241,구월동교정치과 삶의질을 향상시키는 치료
242,구월동교정치과 삶의질을 향상시키는 치료
243,송파구치과 임플란트로 삶의 질 개선
244,신혼 가전제품 로봇청소기 추천받아 삶의 질이 높아졌어요!
245,송파임플란트 삶의 질을 바꾸는
246,비아 땜에 삶의 질이 떨어진다
247,(10/26) 수지 공동체의 행복과 국민들의 삶의 질 향상을 위해 노력하겠습니다
248,세종의사당 건립예정부지 방문  이춘희 시장“이주 시민 서울보다 높은 삶의 질 지원”
249,67. 21/10/29 금언 : 삶의 질을 높이는 좋은 습관 5가지
250,범계정형외과 삶의 질에 큰 영향을 미치는 골다공증!
251,내성발톱 발톱교정 했더니 삶의 질이 달라졌어요(속이 뻥!) 레푸스 당산점
252,고데기 거치대 사용후기(삶의 질 상승템)
253,삶의 질이 향상 되는 보아스 자동세척 물걸레 청소기
254,서면한의원에서 쾌변으로 삶의 질을 올려봅시다
255,삶의 질을 높여주는 인간관계 명언 세 가지
256,삶의 질 상승템 추천+후기
257,삶의 질 향상템/ 애플 사용자라면 한 번에 충전해욤 '리큐엠 3in1' (ft. 애플워치+아이폰)
258,로지텍 K380 블루투스 키보드 사용 후기 ㅡ 진작 살걸! 삶의 질이 올라간다
259,반송동필라테스 체형 교정 덕분에 삶의 질이 높아는 볼수록예쁘다필라테스
260,삶의 질을 높여주는 가전렌탈 렌탈고고
261,물걸레 청소기 보아스 자동세척 물걸레 청소기로 삶의 질 향상!
262,질필러잘하는곳 삶의 질을 높여요
263,삶의 질 높여주는 TV사운드바 옥터디오 뮤직시어터 듀오
264,강남역도수치료 삶의 질을 회복하려면
265,향 좋은 바디워시 추천 삶의질 상승한 향수바디케어!
266,팔꿈치통증 prp 삶의 질을 떨어뜨리기 전에
267,라면포트 추천! COMS 대용량 1.5L 전기 주전자 삶의질향상!
268,"육아맘 삶의 질을 올려주는 육아필수템 feat. 분유포트, 이유식밥솥, 멀티 다지기"
269,"발바닥통증, 삶의 질을 falloff 저하시키는"
270,삶의 질 향상 아이템 추천
271,산본비뇨기과 전립선염 삶의질을 저하시키는 일은 없도록
272,관절에 운동만큼 중요한 영양소···오미자·MSM으로 삶의 질 챙기세요
273,[NF 정보통] 삶의 질을 높여주는 올바른 수면습관
274,무조건 사야하는 핸디 청소기 (삶의 질 향상)
275,케겔운동이란 행복지수 삶의질 올려볼까요
276,청년층 삶의 질을 향상시켜 경제 역동성을 제고
277,미닉스 미니건조기 자취생의 삶의질 상승!
278,[tplus] eSIM 서비스 CGV송출 광고 [삶의 질]편
279,지축역임플란트 삶의 질을 높이는 치료 방법
280,지축역임플란트 삶의 질을 높이는 치료 방법
281,"선택잘한 질수축운동기구,삶의질 높아진다."
282,복리후생 삶의 질을 결정하다!
283,욕실 스케일링 ~시공후 곰팡이 물때걱정 ㄴㄴ 반영구적인시공으로 삶의질이 높아집니다~
284,소사벌 야간진료 삶의 질을 떨어뜨리는 원인을 찾아서
285,지식인마케팅으로 삶의질 개선!
286,에어컨 설치하고 삶의 질 급상승! 양산 &lt;양우내안애2차 LG시스템에어컨 설치시공후기
287,강남역도수치료 삶의 질을 회복하려면
288,자취 아이템 추천 : 삶의 질이 올라가는 아이템 : 자취필수템 : 등받이쿠션 추천... 
289,임대주택 입주민의 삶의 질 향상을 위한 LH 주거생활서비스를 소개합니다.
290,케어딥 질염예방 삶의질향상! 일회용 보습젤 주사타입
291,삶의 질 수직상승하는 악세사리 보관함 추천해요! [가격/수납]
292,범계 성인ADHD 삶의 질 향상
293,갤럭시 버즈2 덕분에 삶의 질 향상
294,방치하면 삶의 질이 떨어지는 마천전립선비대증 외면하지 말고 해결하세요
295,독서 천재가 된 홍 팀장(강규형 저) / 실행력을 높이는 기적의 독서 솔루션으로 삶의 질을... 
296,독서 천재가 된 홍 팀장(강규형 저) / 실행력을 높이는 기적의 독서 솔루션으로 삶의 질을... 
297,질성형 수술 행복지수 삶의질 올려볼까요
298,신금호치과 삶의 질을 높이는 치아교정
299,"[남도타임뉴스] 광주광역시 서구, 재가 의료급여 시범사업, 삶의 질 향상과 예산... "
300,코엑스 인터컨티넨탈 헬스회원권 삶의 질이 높아지는 이유
301,[대구암치료] 통증을 완화해 삶의 질 향상을 도와주는 비타민C-메가도스 치료!
302,[삶의 질 우수사례] 지오쿱 협동조합
303,장곡동한의원 교통사고 자동차보험으로 삶의 질 높이자
304,눈은 우리의 잠재력과 가능성을 깨울 수 있습니다.(눈건강과 삶의 질)
305,고양시 도내동 삶의 질이 다른 도래울센트럴더포레 2단지 아파트 시세 정보
306,삶의 질이 바뀌는 비스포크 세탁기와 건조기
307,몸의 변화는 곧 삶의 질을 바꿀 수 있습니다
308,습관만 바꾸어줘도 달라지는 삶의 질! 건강해지는 습관
309,한방비만 삶의 질을 높여보세요
310,[구리헬스장커브스인창클럽]삶의 질을 높여주는 숙면을 취할 수 있는 방법에는... 
311,"광주광역시 서구, 재가 의료급여 시범사업, 삶의 질 향상과 예산 절감 효과 톡톡"
312,"찾은 오세훈 시장, &quot;바이오단지, 서울대병원 유치하겠다&quot;···&quot;주민 삶의 질 향상 기대&quot;"
313,삶의질 수직상승 이중방수 핸드폰 거치대 | 쇼핑앤미
314,사만원을 투자하여 삶의 질을 높이다
315,사만원을 투자하여 삶의 질을 높이다
316,청양군 공모사업 유치 국비 확보..'도시재생과 신재생에너지 사업으로 군민 삶의 질 향상'
317,[1년 전 오늘] (동구 계림동 그랜드센트럴)광주입주청소 삶의 질을 높여 드려요... 
318,여성불감증 치료 행복지수 삶의질 올려볼까요
319,"애플워치 7, 삶의 질 상승템"
320,편안한 1인용 쇼파로 삶의 질을 올려보세요.
321,"용인 타운하우스 분양, 지친 현대인들의 삶의 질 향상"
322,경추베개 삶의 질 상승 추천기
323,고주파온열치료 암으로 지친 삶의 질을 개선
324,청각장애 좋은 보청기로 삶의 질 높이기
325,내돈내산 미니건조기 후기 대방출! 빨래건조기 사용하면 삶의 질이 올라간다면서요?!... 
326,"세계 디지털 삶의 질 지수, 싱가포르 6위에 올라, 한국은 처음으로 2위 차지"
327,요즘 내 삶의 질 뿜뿜해주는 독일 pm주스 해독주스 먹고 있어요!̆̈ (찐 후기 4번째... 
328,질건조 행복지수 삶의질 올려볼까요
329,"시흥시 연성동, 주민의 삶의 질을 높이다, 마을복지계획 주민투표에 동참하세요"
330,신경성복통증상 삶의 질 저하의 원인이 될 수 있어
331,"중국어일기: 거북이의 삶의 질, 거북이네 오늘 급식"
332,"&quot;뱀띠운세보기&quot; 뱀띠2022년운세보기, 운세를 알면 삶의 질(質)이 달라집니다."
333,응암역 교통사고한의원 삶의 질 향상
334,응암역 교통사고한의원 삶의 질 향상
335,시민의 행복한 삶의 질을 위한 학습도시 여주가 되겠습니다.
336,송도임플란트 삶의 질을 회복시키는!
337,더난성형외과 삶의 질을 높이고 싶다면
338,효율적인 정리로 삶의 질 향샹을 도모하는 &quot;정리수납전문가&quot;
339,효율적인 정리로 삶의 질 향샹을 도모하는 &quot;정리수납전문가&quot;
340,암환자 '삶의 질' 결정하는 가장 중요한 열쇠는?
341,허리디스크 인공치환술 삶의 질을 높이고 명확한 치료
342,김해 구산동이사청소 구지마을1단지동원 삶의 질을 높이는 작업
343,밀양시방광염 삶의 질을 높이려면
344,"평택시, 시민 삶의 질 향상 위해 ‘석정근린공원’ 2022년 상반기 착공"
345,밀양시방광염 삶의 질을 높이려면
346,광주산부인과추천 성병검사 삶의 질을 높이기 위한 필수과정
347,별내자동차사고한의원 삶의 질 향상
348,[오늘의 추천] 삶의 질을 높여주는 애플워치 무료 앱 추천
349,[삶의 질 우수사례] 금산진생협동조합
350,"오세현 시장, ‘2021년 추진 사업 마무리’와 시민 삶의 질 향상을 위한 ‘2022년도... "
351,아미나요양병원 삶의질 향상을 위한 서울암요양병원
352,마포구 재활용품 수거 내 삶의 질을 높이는 선택
353,"척추질환, 고령층의 삶의 질을 급격히 떨어뜨려요"
354,안산목디스크 삶의 질이 나빠져서
355,암환자 '삶의 질' 결정하는 가장 중요한 열쇠는?
356,부부관계 상담 행복지수 삶의질 올려볼까요
357,케겔운동 효과 행복지수 삶의질 올려볼까요
358,기디니 목폰거치대 : 삶의 질이 올라가는 소리가 들린다!
359,[직장인] 삶의 질을 올려주는 아이템 추천합니다 : 인체공학 키보드
360,60대 갱년기 행복지수 삶의질 올려볼까요
361,구글 크롬캐스트4 삶의 질 상승템 / 연결 방법 및 사용후기
362,내 삶의 질
363,초보주부 삶의 질을 높여주는 미생물 음식물처리기 (feat.휴리엔)
364,삶의 질을 100% 상승시키는 방법 - 웨이커너 수면상담 후기
365,당신 삶의 질을 가장 높이는 방법 알고 계셨나요?
366,삶의질이 말도안되게 높아지는 힐크림 :: 정말 자기 자신한테 만족감이 젤 큰 크림!!... 
367,삶의 질을 떨어뜨리는 치매 증상들! 후각과 청각을 자극하여 집에서 간단히 치매 증상을... 
368,워아래만 중요한게 아니라 … 삶의 질이 중요해 ㅋㅋㅋ
369,삶의 질 향상템 #1 (Feat_S자 고리)
370,암 생존자들의 삶의 질을 좌우하는 것은 '가족'
371,경기광주치과 삶의 질이 달라지는 임플란트
372,동탄정형외과 삶의 질을 떨어뜨리는 무릎 통증
373,"회전근개파열, 마법같은 치료. 삶의 질이 달라집니다."
374,"부산시, “금강공원 현대화, 어린이복합문화공간 조성으로 시민 삶의 질 높여갈 것”"
375,"용인 타운하우스 분양, 지친 현대인들의 삶의 질 향상"
376,"용인 타운하우스 분양, 지친 현대인들의 삶의 질 향상"
377,청각장애 좋은 보청기로 삶의 질 높이기
378,잠원역산부인과 여성갱년기 치료하면 삶의 질이 올라가요
379,대전마사지 삶의 질이 달라지는 둔산스포츠아로마 방문기
380,"&quot;용띠운세보기&quot; 용띠2022년운세보기, 운세를 알면 삶의 질이 바뀝니다."
381,"포항시, 도시의 혈관 하수도 시설 개선으로 시민 삶의 질 확 높인다."
382,영등포두통치료 삶의 질을 향상시켜요
383,"아이패드 에어4 스페이스그레이 64KB 언박싱 및 후기, 삶의 질과 직결…"
384,[송도스포츠센터]스포츠 의학 석박사 출신들의 삶의 질 향상 트레이닝!
385,편안한 1인용 쇼파로 삶의 질을 올려보세요.
386,휴크래프트 비 오는 날마다 삶의 질을 바꿔놓을 우산빗물제거
387,번동산부인과 질염 예방과 삶의 질 개선을 위한 여성수술
388,사우동치과 임플란트로 삶의 질 업그레이드
389,'가족'이 암 생존자들의 삶의 질을 좌우한다
390,암 생존자들의 삶의 질 좌우하는 것은 '가족'
391,경산불임한의원 삶의 질 향상
392,남양주엄지손가락통증 삶의 질 향상
393,[도시와 문명] #7. 기원전 5세기의 아테네(Athens) (5): 아테네 시민들의 삶의 질
394,노인성 질환 늦기전에 관리해서 삶의 질을 높이세요!
395,케겔운동 행복지수 삶의질 올려볼까요
396,담배냄새제거 블랙홀 환풍기 트랩 삶의질 수직상승템
397,천안시력교정수술종류 알고받으면삶의질이높아져요
398,웰릭스음식물처리기 단점 없이 사용하니 삶의 질 향상!
399,웰릭스음식물처리기 구매하고 삶의질 상승했어요!
400,삶의질 상승하는 커피 캡슐 머신 ‘네스프레소 에센자 미니 C30’
401,암환우의 삶의 질 종합면역치료 관리
402,내 삶을 윤택하게 해 준 살림꿀템 삶의질향상템 세가지 소개해요
403,가격 착한 신혼가전제품 엄기준 음파전동칫솔 AQ-120 올해 추석선물은 삶의질향상템... 
404,[삶의 질 우수사례] 곡성 농업인 재활센터
405,삶의 질을 높여주는 LG 코드제로 R9 오브제컬렉션  로봇청소기! 육아가 편해졌어요
406,삶의 질 향상을위한 투자.
407,삶의 질 향상! 쿠첸 멀티쿠커로 간단한 감바스 만들기
408,[청년정보연계] 서울시 1인가구의 삶의 질 향상을 위한 1인가구 아이디어 공모전 실시
409,머리 어지럼증 삶의 질이 저하되기 전에
410,김포시줄눈시공 장기동 고창마을 대원칸타빌 삶의질을 높여드림
411,"&quot;소질,적성,진로,직업찾기&quot; 자기가 좋아하는 일을 해야 삶의 질이 좋아집니다."
412,삶의 질 상승! 청소하기 너무 편하네요~
413,"수원시, 시민 삶의 질 높이는 ‘스마트시티’ 사업 발굴한다"
414,삶의 질이 올라가는 갤럭시 워치 4 앱 추천 5가지
415,"1코노미뉴스, 서울시 손잡고 1인 가구 삶의 질 향상 도모"
416,"(단독) 이재명, '후보 수락연설' 준비 착수…화두는 '공정성장(경제민주화) ·삶의질... "
417,[삶의 질 우수사례] 서당골 문성마을
418,분당질염 여성으로서 삶의 질을 높이는 방법
419,분당질염 여성으로서 삶의 질을 높이는 방법
420,"[21.09.15 메디컬투데이] 삶의 질 저하 불러오는 질 이완증, 치료 방법은?"
421,부천비수술척추치료 척추관협착증 통증을 잡고 삶의 질 개선
422,"삶의 질 수직 상승템 20대 선물추천 다이슨 에어랩 컴플리트 사용법, 구성 및 사용후기"
423,&quot;생각의 변화를 통한 삶의 질 향상&quot;
424,"CPN문화재TV - 경복궁과 포스코강판, 탄소중립과 삶의 질 성장을 위한 업무협약"
425,"재택부업/직장인부업/주부부업-은퇴 없는 재테크 사업, 삶의 질이 더 오르다"
426,[채식기록]9월의 삶의 질 상승템 : 테팔 블렌더/믹서기(온갖 스무디 다 해먹기)
427,[SK매직 직수얼음정수기]삶의 질을 올려주는 정수기 9개월 사용 후기 /내돈내산
428,평택소음순수술 삶의 질을 높여보아요
429,60대 영양제 노년기의 삶의 질을 지키는 방법
430,린나이 음식물처리기 비움2 달라진 삶의 질!
431,"[별별건강 #37] 삶의 질을 떨어뜨리며, 여성에게 더 흔히 나타나는 불쾌한 변비 원인과... "
432,부모님의 삶의 질을 높여주는 대전  유성복지센터
433,일산암요양병원 삶의 질을 높이는 다양한 프로그램
434,[삶의 질 up item] 갤럭시워치4 그리고 배보다 배꼽이 더 커.
435,소화불량 한방치료 도움받고 삶의 질 높여요.
436,"장애인차별금지법 제정과정을 서술하시고, 장애인차별금지법이 장애인의 삶의 질... "
437,삶의 질을 떨어뜨리는 요실금 종류와 치료법
438,"장애인차별금지법 제정과정을 서술하시고, 장애인차별금지법이 장애인의 삶의 질... "
439,압구정로데오제모피부과 필로스의원에서 제모하면 삶의 질이 달라져요.
440,삶의 질이 높아지는 작고 똑똑한 테크 아이템 4
441,"[청주관절염] 노년기의 삶의 질을 좌우하는 무릎통증, 치료방법은?"
442,캐나다 삶의 질 (feat. 런던 북쪽 스토니크릭 YMCA)
443,가평 코아루 줄눈 시공 삶의 질 향상템
444,질문의 수준이 삶의 질을 결정한다           D-21
445,삶의 질과 생명의 연장
446,삶의 질 떡상 물건들
447,모발이식후커트 삶의 질이 달라져
448,삶의 질 위해 요로결석 관리해야
449,'임플란트 잘하는' 다산바른치과! 삶의 질을 높이는 디지털 임플란트를 알아보세요
450,"[델레B2] 에델사 베도스 2회 회화 Tarea 2-3(인터뷰 기다리는 사람들, 삶의 질을... "
451,전주실버인지놀이강사 황진희는 어르신들의 삶의질을 높여주신 명품강사
452,샤워필터추천/비타레인/비타민샤워기/삶의질향상템
453,"삶의 질을 높여 준다는, 갤럭시 워치 4 실버 40mm"
454,음식물쓰레기처리기로 삶의 질을 높이다.
455,10주만 다이어트에 투자해보세요! 삶의 질이 바뀝니다! 지금 시작하세요!
456,위즈 2단 독서대 60으로 공부하면 삶의 질 높일 수 있다?(진지)
457,연수구 손목터널증후군을 예방하여 삶의 질을 올리는 방법
458,수유맛집 [옐로베리] 키토식 다이어트로 건강과 삶의 질 향상!
459,췌장암 증상 완화로 삶의 질 유지하기
460,[대자부] 간편한 홈 IoT로 삶의 질을 올리자!
461,[삶의 질 우수사례] 글로벌제주문화협동조합
462,위닉스 텀블 대용량 건조기 덕분에 삶의 질 올라간 후기
463,건조기 추천 위닉스 텀블 덕분에 삶의 질이 UP
464,대전 도안동 속눈썹펌은 이끌림뷰티~ 삶의질 상승! (˵ ͡~ ͜ʖ ͡°˵)ﾉ
465,삶의 질을 높여드리는 대치동갱년기클리닉
466,프리미엄비데로 삶의 질을 올려주는 쾌변비데
467,전자담배 :: 내 삶의 질을 바꿔준 아이템
468,사회적 거리두기 4단계와 델타 변이 코로나 바이러스 그리고 폭염 심각하면 삶의 질... 
469,속눈썹펌만해도 삶의 질이 up up! 의정부속눈썹펌 전문 뷔에르뷰티 추천
470,[ 우리의 소통 ] 우리 삶의 질을 높여주는 아이템
471,"'삶의 질'을 올려주는 두통학개론(두통 원인,  두통 부위별 의심 질환, 두통 예방법 등)"
472,설명하고 사회복지정책이 국민의 삶의 질 향상이 미치는 영향에 대해 학습자의 의견을 서술
473,총 20kg 감량후기: 생활패턴 &amp; 삶의질까지 상승했어요!!
474,총 20kg 감량후기: 생활패턴 &amp; 삶의질까지 상승했어요!!
475,"삶의 질을 떨어트리는 각종 배뇨장애, 예방하려면? - 방광건강 지키는 꿀팁!"
476,[물걸레 로봇청소기] 삶의 질 향상을 위한 에브리봇 엣지 개봉기
477,[물걸레 로봇청소기] 삶의 질 향상을 위한 에브리봇 엣지 개봉기
478,광주시 도시재생뉴딜로 활기찬 도시 변모... 시민 삶의 질 향상 도모
479,충남도의회 “도시숲 조성으로 도민 삶의질 높여”
480,부천자궁근종 삶의 질을 향상시켜보세요
481,충남도의회 “도시숲 조성으로 도민 삶의질 높여”
482,삶의 질 수직 상승 아이템 ! BESPOKE 식기세척기
483,삶의 질을 높여주는 대구청소대행이 여기 있습니다!
484,삶의질상승템 생리통찜질 허그앤
485,"삶의 질을 높여주는 추천인덕션 코스트코, 트레이더스 탐방"
486,골반저 근육과 삶의 질 8월 엄마들의 몸공부 후기
487,동네 삶의 질을 올리는 주민
488,남포동추나요법 으로 삶의 질을 높여요
489,"김상호, ‘시민 삶의 질 향상 최우선’"
490,삶의질 높여주는 임플란트 부평동치과에서
491,검암역임플란트 식립 받고 삶의 질 상승시키세요
492,"엑스클리어 로봇청소기, 먼지통 자동비움과 자동충전으로 한층 더 삶의 질을 높이다!"
493,여성용 성기구 행복지수 삶의질 올려볼까요
494,"우울증인 줄 알았는데 파킨슨병, &quot;조기 발견은 삶의 질을 높여줍니다&quot;"
495,주방 삶의질 올리는 아이템::365 쉼표 주방세제::
496,삶의 질이 향상되는 수면안대 추천! (바디공식)
497,영등포구운전연수 하나로 바뀐 삶의질
498,남천역한의원 삶의 질이 떨어지죠
499,식도염 병원 알아보고 삶의 질 높여요!
500,부부관계 상담 행복지수 삶의질 올려볼까요
501,"사당 속눈썹 펌, 삶의 질 상승 후기 (프롬라인)"
502,부산자궁근종치료 삶의 질을 위해
503,질필러가격 삶의 질까지 향상시키는 길
504,수원월경통. 삶의 질을 되찾아요
505,마산다한증 삶의 질을 떨어트리는 다한증에 대해서!
506,마산다한증 삶의 질을 떨어트리는 다한증에 대해서!
507,[ 삶의 질 높이기 첫단계 그린싱크 음식물 처리기 렌탈하기]
508,매탄동엄지발가락통증 치료로 삶의 질을 높여요
509,인천체육센터 고강도다이어트짐 부평점 삶의 질이 달라져요
510,"울산변호사상담 이혼재산분할청구권, 삶의 질을 결정하는 만큼"
511,위암4기 생명연장과 삶의질 향상을 위한 치료
512,"30대 여자 화이자 1차 부작용 모음집 (9일째 삶의 질이 떨어지는 겨드랑이 통증, 두통... "
513,"와우 어둠땅 9.1.5에 추가되는것들(신규,삶의질향상)"
514,맞춤형 강아지 무릎 보조기로 반려견의 삶의 질을 향상시키세요!
515,[ 최저가 구매 ✨에스틸로 미니 건조기 ] 내돈내산 / 보송보송한 느낌으로 삶의 질 개선
516,"올영세일 아리얼 클렌징추천, 삶의질향상되는 아이템"
517,종각임플란트추천 건강한 치아로 삶의 질을 높이려면
518,갱년기에 좋은 행복지수 삶의질 올려볼까요
519,요요 없는 체형관리로 삶의 질이 달라집니다! 다이어트 성공기
520,용인정수기렌탈 웅진코웨이/6개월 리뷰/삶의 질 수직상승
521,애플워치 se 40mm 삶의 질이 상승해요
522,"갱년기증후군, 인천시원한의원에서 삶의 질을 되찾으세요!!"
523,포에프를 찾아주신 진주 회원님과 소통(삶의 질 향상을 위한 다이어트 및 운동의 필요성)
524,삶의 질 향상을 시켜주는 해피트리 요양원
525,탄소중립‧경제성장‧삶의 질 향상 동시 달성! “2050 탄소중립 추진전략”
526,미니실링기 자취생필수템 짱짱한 밀봉력 삶의질 파워업
527,음식물쓰레기처리기 삶의 질 상승!
528,[삶의 질 우수사례] 치매보듬마을 사업
529,노와이어브라 편한브라 착용하고 삶의질 높이기
530,섬유근육통은 삶의 질을 매우 떨어트릴 수 있는 전신질환입니다.
531,내돈내산 삶의질 추천 아이템 2. 편백나무 반신욕기 에버조이
532,"LG 스타일러 렌탈,삶의 질이 확 올라갔다. 사랑해요~~ 엘지 트롬 !"
533,잘샀다~! 삶의 질 향상 시켜주는 살림템 추천.
534,웰비스 프로바이오틱스 60 캡슐 X 2EA | 어싱은 삶의 질을 결정한다!
535,웰비스 프로바이오틱스 60 캡슐 X 2EA | 어싱은 삶의 질을 결정한다!
536,어싱마우스 패드 | 어싱은 삶의 질을 결정한다!
537,어싱마우스 패드 | 어싱은 삶의 질을 결정한다!
538,어싱키보드 패드 | 어싱은 삶의 질을 결정한다!
539,어싱키보드 패드 | 어싱은 삶의 질을 결정한다!
540,어싱온열매트 블랙다이아 더블 | 어싱은 삶의 질을 결정한다!
541,죽섬유 이불 퀸 | 어싱은 삶의 질을 결정한다!
542,딸기를 곁들인 아루굴라 샐러드 좋은 삶의 질을 위한 맛있는 쉬운 요리법
543,"노인 친화적인 시설, 어르신들의 삶의 질 향상 나라주간보호센터, 대전주간보호... "
544,중랑구헬스장 삶의 질 자체가 바뀌었어요!
545,바디프로필 PT 명준 주임 삶의 질을 높여주는 곳 두암동헬스 NS휘트니스두암점... 
546,"저소음 가벼운 드라이기 추천, 유닉스 UN-A3060 삶의질상승템!"
547,운동은 삶의 질향상
548,분당 정자동 소화불량 삶의 질을 떨어뜨리는 원인을 찾아서
549,남성호르몬 검사 행복지수 삶의질 올려볼까요
550,편리미엄 :: 삶의 질 높여주는 편리함 + 프리미엄
551,[내돈내산 삶의 질 향상템 1탄]직장인 필수템 오덴세 레고트 텀블러
552,[내돈내산 삶의 질 향상템 1탄]직장인 필수템 오덴세 레고트 텀블러
553,[명언] 빈스 롬바디 - 삶의 질
554,건강한 수면과 삶의 질을 선물하는 수면이야기 락티움
555,남양주손목터널증후군 치료로 삶의 질을 높여요
556,삶의 질이 상승하는 입주/이사 필수 가전 추천_LG 트롬 워시타워 오브제 컬렉션 W16EG... 
557,나는 마켓컬리로 요런걸 사봤제_삶의 질을 높여주는 마켓컬리 이용후기
558,&quot;궁합잘보는곳&quot; 궁합을 보면 삶의 질이 달라집니다.
559,쿠쿠 넬로 펫드라이룸 삶의 질이 향상되다
560,안양 교통사고후유증 치료로 삶의 질을 높여요
561,팔라리빙 ㅣ 삶의 질을 높여주는 매트리스 관리 및 오래 사용하는 방법!
562,"강산건설, 삶의 질 높여주는 '송산 리안비채' 8월 중 선보여"
563,"내돈내산! 삶의 질 향상 아이템, 보아르 아띠랑스 미니 믹서기 5만원 이하"
564,소음순 수술 잘하는 곳 행복지수 삶의질 올려볼까요
565,옥수역피부과 흰머리 삶의 질이 달라져
566,75UP831C  UHDTV  더 업그레이드된 TV로 삶의 질을 올려보세요
567,"[무인양품] 삶의질 향상템, 핸디 슈레더(수동 파쇄기)와 테이프 커터(마스킹테이프... "
568,제주 영어교육도시 아파트 삶의 질을 높여줄 칸타빌제주에듀
569,핸드워시 자동 디스펜서 리필 리뷰(삶의질을 위한 필수)
570,불면증 완화로 삶의 질 향상시키는 반신욕의 힘
571,"30대 삶의 질 향상템 ITEM 9가지 추천 (무코타팩, 플랜잇커피머신, 워터픽... "
572,"손목 힘줄 염증, 개선하고 삶의 질 향상을!"
573,[신지모루] 전자파 차폐 흡수 카드 추천 (feat. 삶의 질 상승 추천탬)
574,100세 시대 삶의 질을 결정하는 만성질환 4가지
575,발산유방암 여성 삶의 질을 높이는 유방암 예방하는 방법
576,"수원한의원, 삶의 질을 떨어뜨리는 난치성 귀 질환"
577,운정치과 평생 삶의 질을 좌우하는 것!
578,삶의 질과 건강을 위협하는 '수면장애'
579,악관절장애 삶의 질이 떨어질 수 있는 상태로
580,안성허리디스크 삶의 질에 큰 영향을 주는 문제
581,손쉽게 삶의 질 상승시키기 부천 전자담배
582,인공지능이 단 한번의 뇌 스캔으로 치매를 몇년전에 예측해 환자 삶의 질을 높인다.
583,여성들의 소변실수 범계 요실금치료로 삶의 질을 높여요.
584,"[범어봄한의원] 삶의 질을 떨어트리는 스트레스성 소화불량, 한방치료해요"
585,천장에 붙은 모기도 전기구이 쌉가능 #삶의질상승#전기모기채추천#파리채추천
586,질필러가격 삶의 질을 위하여
587,"복합부위통증증후군 환자, 삶의질 100점 만점에 32점 (이헬스통신)"
588,"나주혁신도시 방충망교체, 삶의 질 향상!"
589,my favorite 삶의 질이 올라가는 아이템
590,"#첫 글,알찬 휴일,삶의 질 상승템 소비일기"
591,삶의 질을 높이는 로봇청소기
592,4만원으로 삶의 질이 변했다
593,"대구불면증, 삶의 질을 회복하세요!"
594,진짜 값싸게 염색하는 법..삶의 질 올라감
595,"췌장암 항암치료, 환자 삶의 질 향상이 우선되어야"
596,"췌장암 항암치료, 환자 삶의 질 향상이 우선되어야"
597,"위암 4기, 삶의 질 상승을 위한 면역 치료"
598,갤럭시탭 거치대 삶의질이 달라져요
599,자세교정방석 나의 삶의 질을 높여
600,소아 야뇨증 삶의 질을 떨어뜨리기에
601,직장인 필수템 손목보호 마우스 추천 버티컬 마우스 하나로 삶의질 +10
602,캠핑설거지통 삶의질 수직상승 시킨 다용도 방수백 MZZ
603,[삶의 질 우수사례] 죽리마을
604,삶의 질을 향상시켜주는 팬티형 생리대 - 쏘피 안심숙면팬티 무표백
605,이제부터는 삶의 질을 추구하는 수요 시장이 열리는 서초구
606,명기의 행복지수 삶의질 올려볼까요
607,"갑상선암 수술 후, 면역 관리를 통한 삶의 질 높이기"
608,7월 삶의 질 올려준 소비템
609,"노년기 삶의 질에 큰 영향을 미치는 골다공증성 골절, 치료와 예방이 중요합니다.... "
610,조병길 사상구의회 의장&quot;주민의 삶의 질을 높일 수 있는 밑그림을 사상구민과 함께... 
611,어르신의 인지능력은 삶의 질 좌우-인지기능과 여가프로그램을 통해 정신적인 활동을... 
612,간암 요양병원 알아보고 삶의 질 향상에 도움받아요!
613,안락동치과 삶의 질을 결정짓는데 중요한 치아관리
614,질건조 젤 행복지수 삶의질 올려볼까요
615,"생리전 증후군(PMS) 진단 : 한달에 한번씩 짜증, 분노, 화, 우울함으로 내 삶의 질이... "
616,"무릎 윗쪽 아픈지 1년째, 삶의 질 완전 낮음ㅠㅠ"
617,전자랜드 [삶의 질 up! up!]
618,맞벌이 부부 삶의 질을 높여 준 이유식배달(전주아가푸드)
619,"부산,경남 수도배관녹물 청소 및 가압펌프설치로 삶의질 높이기"
620,한여름 삶의 질 상승템
621,자기관리템 추천/ 삶의 질 상승템/ 내돈내산/ 인생템 추천 2탄
622,오산팔저림 치료로 삶의 질을 높여요
623,삶의 질을 높혀줄 강아지짖음훈련 ! 원인부터 알아볼까요~?
624,수도권 과밀화 삶의질 하락 인구분산 유도
625,삶의 질 상승템 / 디오디너리 나이아신아마이드
626,"자율과 자유의 원칙, 4.최소손실의 원칙, 5.삶의 질 원칙, 6.사생활보호"
627,동탄생리통 빠른 치유로 삶의 질을 높여요
628,천안위염증상 아산위염에좋은음식 소화불량으로 인한 삶의 질 저하 개선을
629,삶의 질이 달라져 김포미용실 볼륨펌
630,삶의 질이 달라져 김포미용실 볼륨펌
631,서현pt 트친소 에서 삶의 질 이 달라졌어요!
632,간석동임플란트로 튼튼한 저작력 회복과 삶의 질 향상을
633,말기 암 환자 치료 도움받고 삶의 질 높여요.
634,[전자랜드] 삶의질급상승아이템
635,블루투스보청기 사용으로 삶의 질 UP 유니트론보청기
636,"송재호 의원, 농어업인삶의질법 개정안 발의"
637,오르가즘 젤 행복지수 삶의질 올려볼까요
638,부산 얼굴지루성피부염 삶의질을 피폐하게
639,시흥벽걸이티비설치 삶의질이달라졌어요
640,은평구 무릎관절염 치료로 삶의 질을 높여요
641,[공유] 사회적 약자의 삶의 질을 끌어올리는 방법은 복지가 아니야
642,"크리스탈클라우드 3in1 무선충전 거치대, 삶의 질 상승템"
643,뷰에스피 차량용 자석 거치대로 삶의 질이 높아졌어요!
644,Y존 보습 행복지수 삶의질 올려볼까요
645,"삶의 질을 떨어트리는 허리통증, 도수치료 받고 해결하자! 삼성서울정형외과의원"
646,어이없게 이런거 하나때문에 삶의질 수직상승  진짜 좋아버려..
647,속초출장세차 추천 [굿초이스]-편리한 손세차 서비스 받고 삶의 질 수직상승했어요^^
648,삶의 질 떨어뜨리는 두경부암?!
649,[깔끔대장 훅 걸어보게] : 삶의 질 향상템
650,삶의 질 상승템! 제습기 추천(LG제습기)
651,삶의 질 상승템! 제습기 추천(LG제습기)
652,서울 갑상선 치료병원 도움받고 삶의 질 높여요.
653,"'공공주택, 집값은 달라도 삶의 질 똑같게'"
654,한방에 충전할 수 있는 만렙 멀티충전기 100% 내돈내산 후기 (미쳐버린 삶의 질 향상)
655,소비기록과 삶의 질 향상템
656,구월동치과 삶의 질을 높여주는 치과치료
657,삶의질 상승템 LG ‘올인원 타워’ #내돈내산 강추
658,생생경제 정보톡톡 참숯 워터에이징 한우 패러글라이딩 VR 삶의 질을 높이다 공간 정보... 
659,삶의 질 UP! 시켜주는 무선청소기 &lt;BESPOKE 제트
660,남자 전업주부로 살게된 이유 2편                  만족하지못하는 삶의질
661,"페스룸 고양이 모래삽,이건 집사의 삶의 질 상승템인정"
662,전자랜드 삶의질 급상승아이템
663,[전자랜드]삶의 질 up! up!오늘도 잘샀네! 잘샀어?
664,보육교사 자격증 과목 삶의 질이 달라져
665,나이든 반려견 노령견의 삶의 질 유지 건강 관리요령
666,템퍼 침대용 등받이 쿠션-삶의질 급상승 하는 아이템
667,기대 이상으로 삶의 질을 올려주는_ 애플워치SE 40mm 언박싱
668,렌즈세척기 큐브제로 단백질제거 멸균까지 삶의 질 향상♥
669,삶의 질을 플러스하는 삼성 NEW 푸시풀 스마트 도어록 추천(SHP_DP960PLUS)
670,[삶의 질 우수사례] 제주마을소도리 문화연구소
671,"삶의 질을 올려준 가전제품 3종 - 식기세척기, 건조기, 로봇청소기"
672,전동블라인드 이지롤블라인드 사용하면서 삶의 질 상승
673,[의사의 딜레마][79] 생명의 존엄함과 삶의 질을 어떻게 저울질할까?
674,광명산후풍 삶의 질이 저하되지 않도록
675,&lt;무릎 인공관절 수술 지원사업 노년 삶의 질 높이기!
676,"태안군, 주민 삶의 질 높이는, 주거환경 개선 사업 호평"
677,"전남암요양병원 치료 부작용 경감 삶의 질 개선, 암 치유 클리닉"
678,"한국판뉴딜, 지구를 살리고 삶의 질을 높이다"
679,최진석교수 - 내삶의 질을 결정하는 핵심질문은 무엇인가?
680,갤럭시탭 블루투스 키보드 사용으로 삶의질 높이자!! 내돈내산 추천템
681,찜질보호대 착용으로 삶의 질 상승  ~ !
682,찜질보호대 착용으로 삶의 질 상승  ~ !
683,"[포천 산부인과] 질건조증 증상 개선 질타이트닝, 삶의 질이 달라질 수 있어요."
684,삶의 질이 강조됨에 따라 각광 받을 식품영양학과
685,아파트인테리어는 삶의 질을 바꾸어놓는다 부천중동인테리어에서 안전하게... 
686,대구오십견 방치하면 삶의 질 떨어질 수 있어
687,가난은 오히려 삶의 질을 끌어올린다
688,#송도환경공단 #환경오염멈춰 #시민이먼저 #인천시의회 #김희철의원시민의 삶의 질을... 
689,"대학생 필기 어플 추천, 대학원생 삶의 질 높이는 꿀팁"
690,"황재은 경남 도의원 “경남연구원, 도민의 삶의 질 향상을 위한 연구기관으로 거듭나길... "
691,질수축 크림 행복지수 삶의질 올려볼까요
692,"분당 보청기, 보청기를 통해 삶의 질이 향상 될 수 있다면..."
693,삶의 질 떨어뜨리는 ‘오십견’ 프롤로주사로 치료
694,데코럽 허리안아픈 토퍼로 집수니 삶의질 달라졌다~
695,갱년기로 삶의 질이 떨어졌다면?
696,"경기도 청년들의 삶의 질 팍팍 올려주는,  &lt;3분기 경기 청년기본소득 &amp; &lt;워라밸링크 소개!"
697,질에서냄새 삶의질을높이자
698,어머니의 삶의 질이 향상되었습니다.
699,삶의 질이 향상됩니다
700,"[내돈내산 리뷰] 렛츠인클리어, 삶의 질 상승 ... ✨ 추천합니댜!"
701,디자인 좋음 수압 부드러움 성능 좋음 삶의 질
702,"[리뷰] 내돈내산 다이슨 에어랩, 삶의 질 상승..아침이 여유로워져요 최고 ♡"
703,"여성 질 유산균 추천! 이너랩, 와이Y바이오틱스 더블케어로 여성의 높은 삶의 질 챙기기"
704,사회보장기본법에 기본이념과 사회적 위험으로 국민을 보호하고 삶의 질을... 
705,삶의 질이 달라진다던 다이슨 에어랩 컴플리트 선물개봉기
706,목돈 7천만원 굴리기 삶의 질을 바꾸기 위해서
707,대구줄눈시공 북구 국우동 삶의 질을 개선해요!
708,부산노안백내장안과상담 시력장애로 인해 삶의 질이 저하된다고 느끼고 있다면
709,삶의 질을 플러스하는 삼성 NEW 푸시풀 스마트 도어록 추천(SHP_DP960PLUS)
710,누워서 보는 독서대 라이프 프로 삶의 질을 높이자
711,"삶의 질 향상템, 안 써본 사람은 있어도 한 번만 써본 사람은 없다는 하이루프 폰스트랩... "
712,장상피화생 치료 도움받고 삶의 질 높여요.
713,6가지 여름 삶의 질 향상템 크리스탈 데오드란트 달바 선크림 등
714,삶의 질 200% 끌어올리는 방법(무조건 확신합니다)
715,대구 기억력저하 삶의 질을 망치지마세요
716,엘지스타일러렌탈 LG트롬 삶의 질을 올려주는 제품!
717,"관급공사장 대상 미세먼지·소음 측정기, CCTV 설치 의무화…““도민 삶의 질 향상”"
718,[삶의 질 우수사례] 고창 책마을해리
719,"선명함으로 삶의 질을 높여보세요 , 별내안경원 , 안경카페 , 별내안경카페 , 에실로... "
720,삶의 질 향상
721,짠순이 소비템 여름필수품 모기장으로 삶의 질 상승♪
722,‘삶의 질’악화시키는 최저임금 인상.
723,"대문문패, 삶의 질이 달라져!"
724,[바디홀릭필라테스 가좌점] 호흡만 제대로 해도 삶의 질 UP! 복식호흡에 대해 알아봐요!
725,삶의질을 올려주는 이천시 장록동 전원주택 테라스 썬룸 및 폴딩도어 시공 * 톱샤시가... 
726,전립선비대증수술비용 삶의 질을 되찾고 싶다면?
727,[공유] 삶의 질이 높아지는 느낌의 아트 홈 스타일링 하우스출처 : Cone's st.. | 블로그
728,애플워치로 삶의 질 개선하기 - 내 시간과 에너지를 내 손에
729,[남아공보다 낮은 한국 삶의 질]
730,바디연구소 스르륵 베개 ver2 리얼후기. 베개 바꾸고 삶의질 수직상승함
731,삶의 질을 높여주는 수납장
732,삶의 질 상승템 커먼하우스 만능 자석 자유손거치대
733,공시생 일기: 장마라더니 비가 안와 | 사이렌오더=삶의 질 UP | 베이스볼 카드 거래
734,강아지자동급식기 사주고 삶의 질을 높이다
735,1. 삶의 질을 바꾼 아이패드에어와 애플펜슬
736,구의 서초 역삼 입주청소는 삶의 질을 바꿔줍니다.
737,"예천군, 평생교육으로 군민 삶의 질 향상"
738,"[한국의 경제뉴스통신사 - NSP통신]  [인터뷰] 은수미 성남시장, “시민 삶의 질 향상... "
739,다이소 꿀템 아이템 생활템  착한가격 삶의 질 상승템♡
740,삶의 질 높이는 홈캉스 필수템 에스트렐라듀 샤워가운
741,삶의 질 높이는 홈캉스 필수템 에스트렐라듀 샤워가운
742,"아현동 한의원, 삶의 질을 높이는 다이어트"
743,의정부임플란트 불편감은 줄이고 삶의 질은 높이는 방향으로
744,"lg그램 15인치, 힐링쉴드 저반사 보호필름으로 삶의 질 올리기!"
745,리스펙타유산균 삶의 질이 달라!
746,고양이 호스피스 케어-반려묘 상태 삶의 질 평가 일곱 가지 항목
747,아이라인반영구 삶의 질이 달라지네요
748,"암요양병원, 면역암치료를 통해 삶의 질 상승효과 기대"
749,전동침대 삶의 질 수직상승템!
750,[삶의 질 우수사례] 고한 18번가 골목의 변화
751,[#유튜브라이브#음향대여]한국 아동의 삶의 질 국제 심포지엄
752,최악의 삶의 질에 도전하며
753,광명요양원 어르신들의 삶의 질이 높아지는 곳
754,구리치아교정치과 삶의 질을 높여줘요
755,"안동시, 민선 7기 3주년 시민 삶의 질 개선에 역점"
756,소중이 삶의 질을 높이자
757,광화문산부인과비용 : 합리적인 비용으로 삶의 질을 높여보세요
758,직장인 필수템 - 직장생활 삶의 질을 높여주는 세 가지
759,아산 천안자동차면허학원 자차운전으로 삶의질 높이기
760,"관절와순파열치료,  장덕한방병원 어깨센터에서 치료받고 삶의 질을 높이자!"
761,"관절와순파열치료,  장덕한방병원 어깨센터에서 치료받고 삶의 질을 높이자!"
762,[채용사례#5]삶의 질을 높이고 싶다면 지금 리모트 워크 하세요!
763,"논현동정형외과, 고령층 삶의 질을 위협하는 척추 질환"
764,핸드폰NFC기능 삶의 질을 업그레이드시켜주는 기능
765,2021년 상반기 내돈내산 삶의 질 향상템 / 추천템 / 찐템추천
766,항암치료음식 삶의 질을 높이는 면역력 증진식품
767,"수원습진치료 삶의 질 떨어뜨리는 피부질환, 효율적인 개선의 방법 - 케어빔... "
768,신한생명 참좋은치아보험플러스2 준비만 잘하면 삶의 질 좌우합니다
769,&quot;초점도 맞지않고 눈부심이 심하고 늘 피곤했었는데 비전테라피를 통해 삶의 질이... 
770,"종로임플란트치과 구강건강 개선, 삶의 질 높아지려면"
771,농어촌 공공서비스 개선::농어업인삶의질법 개정
772,서면 비염치료 치료로 삶의 질을 높여요
773,"더 가혹한 코로나19 경험: 건강은 비장애인의 1.5배, 불안·우울은 2배… 삶의 질 “뚝”"
774,울산 종아리통증 삶의 질 향상
775,삶의 질을 향상시키는 멀티형 시스템 에어컨 (하)
776,삶의 질을 향상시키는 멀티형 시스템 에어컨 (상)
777,택배는 삶의 질을 높여줘
778,"[13,640원]【1+1】내 삶의질을 높여줄 멀티탭정리함/ 콘센트 케이블 전선정리박스... "
779,식탁 의자에 양말을 신켜주면 삶의 질이 향상돼요
780,노년기 삶의 질을 좌우하는 수명단축의 주범 근감소증에 대한 불편한 진실과 근육건강에... 
781,공부용의자추천 삶의 질을 바꿔줄 수 있는 제품
782,삶의 질을 높여주는 주방소품 추천
783,#꿀템 삶의 질 상승템
784,대전24시동물병원 당뇨를 앓고 있는 반려동물의 삶의 질을 개선하기 위해선
785,반야월 교통사고후유증 삶의 질 향상
786,세종시교통사고한의원입원 삶의 질을 증진시키기 위한 케어
787,경기도 청년들의 삶의 질 팍팍 올려주는 &lt;3분기 경기 청년기본소득 &amp; &lt;워라밸링크 소개 !
788,건강한 삶의 질을 위해 제조된 100% 모링가 분말
789,현대의학 위존한의원 청혈해독 프로그램 삶의질향상 서울 일산 파주 부산 대구 대전... 
790,부천치과 삶의질을 높이자
791,하양방충망 금락우방타운 실속 있는 미세촘촘방충망으로 교체해서 삶의 질을 높여주세요
792,음식물처리기 추천 클라윈드 음식물처리기 삶의 질이 달라져~
793,"두통, 삶의 질이 떨어지기 이전에"
794,편두통 삶의 질이 한 단계 더 향상될 수 있도록
795,로봇청소기 치후360 S10 삶의 질이 급상승한다
796,제7회 국민 삶의 질 측정 포럼 개최
797,친환경 음식분쇄기 싱크렐라 삶의 질이 달라져~
798,숯가마 온열 허리찜질기 | 어싱은 삶의 질을 결정한다!
799,어싱온열매트 블랙다이아 더블 | 어싱은 삶의 질을 결정한다!
800,그레이스 레이 싱글 세트 | 어싱은 삶의 질을 결정한다!
801,어싱온열매트 블랙다이아 더블 | 어싱은 삶의 질을 결정한다!
802,그레이스 레이 더블 세트 | 어싱은 삶의 질을 결정한다!
803,어싱온열매트 블랙다이아 싱글 | 어싱은 삶의 질을 결정한다!
804,그레이스 레이 더블 세트 | 어싱은 삶의 질을 결정한다!
805,"최도영 병원장 &quot;환자 중심의 암 치료, 삶의 질 높이는 치료를 하겠습니다&quot;"
806,부산고주파온열치료 삶의 질 향상을 도와요
807,"재활방안, 중증 뇌졸중 환자 가족의 부담감 줄여주기 위한 방안 제시 가족의 삶의 질"
808,건대 더메종 오피스텔 분양 삶의질을 높일만한 곳
809,건대 더메종 오피스텔 분양 삶의질을 높일만한 곳
810,삶의 질을 높이는 붙이는벽걸이 벽걸이 후크
811,삶의 질을 높이는 붙이는벽걸이 벽걸이 후크
812,"경기도 청년들의 삶의 질 팍팍 올려주는,  &lt;3분기 경기 청년기본소득 &amp; &lt;워라밸링크 소개!"
813,소사역치과 삶의 질 바꾸는 임플란트 수술
814,삶의 질을 떨어트리는 척추협착증
815,소변 잔뇨감에서 탈출하고 삶의 질 높여볼까?
816,스마트폰~비타앱을 통해 배운 생일축하영상만들기~~무엇이든알면 삶의 질이높아진다
817,[아파트베란다의 활용] 아파트 베란다을 활용하여 삶의 질을 높여 보세요~^
818,무쇠팬 샀더니 삶의 질이 높아졌어요!
819,습하고 더우니 이래저래  삶의질이 뚝 ㅜㅜ
820,삼성 그랑데 AI 건조기 삶의 질 상승템 DV16T8740BW 16kg
821,"동래정형외과 : 어깨통증, 비수술 치료로 삶의 질 높일 수 있다!"
822,"동백 리모델링, 발코니인테리어로 삶의 질을 한층 더!"
823,[암환자 심리지원] 암환자 치료결과와 삶의 질 큰 영향 - 심리적 어려움에 대한 관심 필요
824,요리가 삶의 질을 높인다고 할 수 있을까요?
825,내가 삶의 질 상승을 위해 했던 노력/효과 (1탄)
826,"유성구, 책을 통한 지역사회 어르신의 행복한 삶의 질 향상"
827,어촌뉴딜300 주거플랫폼 사업으로 어촌의 활력과 주민의 삶의 질을 높이겠습니다!... 
828,"암요양병원, 면역암치료를 통해 삶의 질 상승효과 기대"
829,강릉노후주택리모델링 삶의 질을 향상시켜 드립니다
830,대문 설치로 삶의 질을 최우선으로 보답하는 고객과의 약속
831,윙크필 질축소필러 높은 만족감과 삶의 질
832,"유진섭 정읍시장, “자주재원 확충에 주력, 시민 삶의 질 향상·정읍발전 앞당길 터”"
833,욕실 핸드폰 거치대 소소하게 삶의 질 상승 :)
834,장안동치질수술 이라고 쓰고 삶의 질 상승이라 읽는다
